epoch,time,train/box_loss,train/cls_loss,train/dfl_loss,metrics/precision(B),metrics/recall(B),metrics/mAP50(B),metrics/mAP75(B),metrics/mAP95(B),metrics/mAP50-95(B),val/box_loss,val/cls_loss,val/dfl_loss,lr/pg0,lr/pg1,lr/pg2
1,62.2278,3.20391,4.14523,3.67397,0.00179,0.37408,0.00293,0.00023,0,0.00075,3.34252,4.03965,3.55394,0.0675238,0.000328042,0.000328042
2,108.69,2.56911,3.44679,3.08076,0.01042,0.38184,0.02721,0.00101,0,0.00559,2.80814,4.34052,3.31293,0.0345218,0.00065933,0.00065933
3,158.002,2.25517,3.04689,2.72885,0.02319,0.06864,0.01684,0.00241,0,0.00514,2.66688,4.01994,3.19688,0.00151765,0.000988554,0.000988554
4,201.361,2.0734,2.86436,2.5401,0.11097,0.21724,0.03786,0.00459,0,0.01131,2.39044,4.51151,3.00212,0.000990719,0.000990719,0.000990719
5,242.915,1.95364,2.72732,2.44736,0.18617,0.34777,0.16693,0.03935,0,0.06387,2.02452,3.09638,2.62686,0.000987625,0.000987625,0.000987625
6,288.046,1.8851,2.59276,2.37696,0.17766,0.31355,0.16393,0.03474,0,0.06362,2.11226,3.01993,2.68093,0.000984531,0.000984531,0.000984531
7,330.2,1.82409,2.52462,2.3168,0.28144,0.34565,0.25316,0.10674,0,0.12398,2.02829,2.58727,2.63857,0.000981437,0.000981437,0.000981437
8,374.27,1.80363,2.46069,2.29033,0.2293,0.3694,0.2296,0.07388,0.00683,0.10394,1.95698,2.62535,2.51388,0.000978344,0.000978344,0.000978344
9,416.899,1.75344,2.42424,2.23175,0.29096,0.38685,0.2441,0.11351,0,0.12112,1.95511,2.51894,2.54435,0.00097525,0.00097525,0.00097525
10,460.455,1.72526,2.34342,2.21087,0.49238,0.27038,0.30863,0.14927,2e-05,0.1628,1.86742,2.51797,2.44282,0.000972156,0.000972156,0.000972156
11,500.097,1.70079,2.301,2.19457,0.35158,0.42411,0.36174,0.18178,0.007,0.1943,1.83516,2.36995,2.42493,0.000969063,0.000969063,0.000969063
12,545.205,1.67255,2.27803,2.16452,0.36171,0.37332,0.34568,0.17499,0.03074,0.1945,1.92019,2.34151,2.48775,0.000965969,0.000965969,0.000965969
13,587.349,1.67072,2.28131,2.15749,0.36328,0.4218,0.33079,0.15624,0.00227,0.17016,1.82592,2.42781,2.36584,0.000962875,0.000962875,0.000962875
14,629.724,1.67462,2.23519,2.14184,0.52374,0.353,0.38262,0.18533,0.01131,0.20635,1.86163,2.26531,2.35649,0.000959781,0.000959781,0.000959781
15,674.013,1.6163,2.18478,2.10142,0.45155,0.42528,0.36638,0.20211,0.00591,0.19276,1.84046,2.26084,2.44237,0.000956688,0.000956688,0.000956688
16,716.638,1.63474,2.16259,2.11331,0.43498,0.417,0.41206,0.20464,0.01741,0.22882,1.79029,2.14651,2.37527,0.000953594,0.000953594,0.000953594
17,759.574,1.60334,2.12946,2.07659,0.40239,0.44255,0.42218,0.21935,0.00382,0.24031,1.85085,2.15258,2.44079,0.0009505,0.0009505,0.0009505
18,801.122,1.6051,2.12719,2.08992,0.50979,0.43596,0.44283,0.23413,0.00137,0.24817,1.81999,2.09435,2.37408,0.000947406,0.000947406,0.000947406
19,843.412,1.59322,2.12597,2.06019,0.4158,0.44628,0.42494,0.21893,0.00741,0.2366,1.81825,2.37316,2.4116,0.000944313,0.000944313,0.000944313
20,887.474,1.58389,2.10416,2.07254,0.43923,0.42081,0.41622,0.20483,0.00023,0.23064,1.86425,2.17682,2.40556,0.000941219,0.000941219,0.000941219
21,930.955,1.55171,2.09206,2.04129,0.46145,0.45687,0.43479,0.26259,0.02762,0.25696,1.78515,2.18159,2.33082,0.000938125,0.000938125,0.000938125
22,971.796,1.56177,2.05268,2.03782,0.4126,0.52923,0.45813,0.25783,0.01224,0.26988,1.73135,2.15206,2.30299,0.000935031,0.000935031,0.000935031
23,1016.06,1.55738,2.0502,2.04588,0.55767,0.4749,0.45528,0.2474,0.01971,0.26108,1.74456,1.99974,2.2907,0.000931938,0.000931938,0.000931938
24,1059.36,1.5445,2.00115,2.03307,0.5042,0.51149,0.45088,0.24266,0.02956,0.24695,1.75963,2.02708,2.31055,0.000928844,0.000928844,0.000928844
25,1102.11,1.53215,1.97667,2.00529,0.51208,0.44971,0.43991,0.2349,0.00579,0.24293,1.72527,2.07246,2.31582,0.00092575,0.00092575,0.00092575
26,1142.86,1.52418,2.00054,1.99082,0.5564,0.44337,0.45641,0.22605,0.01602,0.25773,1.7752,2.04849,2.31579,0.000922656,0.000922656,0.000922656
27,1187.14,1.4859,1.92287,1.96623,0.59083,0.47209,0.45785,0.22948,0.00602,0.2561,1.78382,2.07005,2.31356,0.000919562,0.000919562,0.000919562
28,1231.39,1.48578,1.95204,1.96544,0.64565,0.38704,0.46669,0.26697,0.01137,0.26392,1.79782,2.0315,2.31138,0.000916469,0.000916469,0.000916469
29,1273.57,1.50939,1.95792,1.99383,0.49928,0.42982,0.4227,0.21179,0.02607,0.23269,1.8317,2.10277,2.43324,0.000913375,0.000913375,0.000913375
30,1317.83,1.49364,1.92336,1.9842,0.47198,0.48956,0.43621,0.2488,0.01207,0.24555,1.74283,2.03101,2.30155,0.000910281,0.000910281,0.000910281
31,1357.12,1.48417,1.90211,1.96781,0.57593,0.43933,0.48719,0.25171,0.02118,0.27191,1.81056,1.96323,2.38227,0.000907188,0.000907188,0.000907188
32,1400.91,1.46701,1.84801,1.95445,0.57908,0.41802,0.45966,0.25322,3e-05,0.25602,1.82478,2.14927,2.36041,0.000904094,0.000904094,0.000904094
33,1444.79,1.45551,1.88228,1.92549,0.54029,0.54857,0.52227,0.30615,0.01609,0.30415,1.75113,1.91533,2.31483,0.000901,0.000901,0.000901
34,1486.2,1.46634,1.87007,1.96245,0.5519,0.46833,0.49449,0.2722,0.00615,0.28359,1.83126,2.02072,2.39219,0.000897906,0.000897906,0.000897906
35,1530.4,1.44802,1.82481,1.9257,0.54226,0.48127,0.50326,0.26035,0.0223,0.28147,1.75727,1.87911,2.3246,0.000894812,0.000894812,0.000894812
36,1588.39,1.45636,1.83492,1.92658,0.51756,0.46349,0.48787,0.25497,0.00382,0.2701,1.83028,1.92528,2.45569,0.000891719,0.000891719,0.000891719
37,1649.09,1.43771,1.80724,1.9273,0.60568,0.45337,0.5038,0.2775,0.02465,0.29454,1.79393,1.85882,2.36201,0.000888625,0.000888625,0.000888625
38,1712.84,1.40936,1.79686,1.88688,0.57,0.49867,0.50516,0.30027,0.00582,0.29943,1.72343,1.87637,2.26933,0.000885531,0.000885531,0.000885531
39,1778.06,1.4093,1.78659,1.88913,0.5585,0.46806,0.48519,0.27925,0.03191,0.28527,1.78147,1.94476,2.3518,0.000882437,0.000882437,0.000882437
40,1842.21,1.39999,1.77584,1.89708,0.62858,0.50116,0.55754,0.33361,0.02448,0.32886,1.73448,1.78147,2.27834,0.000879344,0.000879344,0.000879344
41,1908.1,1.42805,1.78475,1.89809,0.47933,0.48857,0.47992,0.26462,0.00469,0.26847,1.78454,1.9387,2.35141,0.00087625,0.00087625,0.00087625
42,1969.38,1.42473,1.76228,1.90672,0.53813,0.50301,0.49855,0.30858,0.05196,0.30058,1.75784,1.99273,2.32431,0.000873156,0.000873156,0.000873156
43,2035.58,1.40365,1.71977,1.89267,0.57902,0.51294,0.5349,0.32841,0.01502,0.31615,1.75053,1.90802,2.31014,0.000870063,0.000870063,0.000870063
44,2099.99,1.38834,1.74161,1.86156,0.52019,0.51848,0.52357,0.29019,0.01841,0.29598,1.73594,1.82763,2.27564,0.000866969,0.000866969,0.000866969
45,2156.19,1.39264,1.70775,1.88212,0.48988,0.4869,0.46854,0.2391,0.00084,0.25025,1.83936,1.89284,2.39467,0.000863875,0.000863875,0.000863875
46,2221.74,1.36535,1.68866,1.85165,0.61384,0.52062,0.53856,0.32567,0.0237,0.31837,1.75931,1.79979,2.32053,0.000860781,0.000860781,0.000860781
47,2288.01,1.37956,1.70667,1.86896,0.50891,0.53923,0.53573,0.30771,0.01252,0.31724,1.72709,1.8535,2.29149,0.000857687,0.000857687,0.000857687
48,2352.39,1.35713,1.69139,1.84834,0.52589,0.53957,0.50777,0.3033,0.00031,0.30208,1.74634,1.8901,2.35065,0.000854594,0.000854594,0.000854594
49,2415,1.3735,1.67828,1.85822,0.52675,0.50665,0.51885,0.29627,0.02826,0.31282,1.77552,1.79661,2.33717,0.0008515,0.0008515,0.0008515
50,2472.58,1.37372,1.69502,1.86191,0.68288,0.50093,0.5302,0.29942,0.01845,0.30147,1.74535,1.77598,2.3118,0.000848406,0.000848406,0.000848406
51,2535.31,1.35072,1.67374,1.82791,0.47927,0.50275,0.50066,0.3074,0.01593,0.2992,1.75084,1.88134,2.33818,0.000845313,0.000845313,0.000845313
52,2598.44,1.36963,1.67472,1.84268,0.65875,0.5128,0.53409,0.36033,0.00393,0.32725,1.72072,1.84231,2.26258,0.000842219,0.000842219,0.000842219
53,2661.05,1.35282,1.70243,1.82972,0.60319,0.51302,0.55307,0.31829,0.0125,0.3236,1.75216,1.8041,2.31205,0.000839125,0.000839125,0.000839125
54,2725.23,1.32963,1.63306,1.82077,0.5571,0.54214,0.5426,0.33928,0.0122,0.32899,1.77709,1.76721,2.39718,0.000836031,0.000836031,0.000836031
55,2789.06,1.32647,1.62676,1.80141,0.50769,0.50377,0.52213,0.31903,0.06562,0.32169,1.74575,1.78314,2.31316,0.000832938,0.000832938,0.000832938
56,2849.19,1.33264,1.63691,1.82278,0.57519,0.51888,0.50169,0.2745,0.02966,0.2958,1.76939,1.88245,2.3835,0.000829844,0.000829844,0.000829844
57,2911.45,1.32477,1.63254,1.82516,0.62923,0.49023,0.55322,0.32758,0.00856,0.32327,1.71461,1.725,2.29177,0.00082675,0.00082675,0.00082675
58,2971.94,1.30954,1.57894,1.80659,0.53124,0.59474,0.55717,0.34943,0.00295,0.3404,1.74912,1.74664,2.32703,0.000823656,0.000823656,0.000823656
59,3035.7,1.30948,1.56964,1.79829,0.60423,0.49592,0.4948,0.32938,0.00867,0.29822,1.79657,1.85502,2.33173,0.000820563,0.000820563,0.000820563
60,3100.02,1.3022,1.57004,1.80281,0.53832,0.53686,0.54819,0.32965,0.00326,0.3321,1.73356,1.77148,2.3185,0.000817469,0.000817469,0.000817469
61,3161.38,1.30226,1.57708,1.79225,0.53274,0.51025,0.52518,0.30074,0.02763,0.31133,1.73608,1.75882,2.29668,0.000814375,0.000814375,0.000814375
62,3222.4,1.29772,1.59431,1.77865,0.62937,0.4797,0.53233,0.31506,0.01733,0.31128,1.80106,1.86038,2.43871,0.000811281,0.000811281,0.000811281
63,3274.68,1.30495,1.58221,1.78041,0.57074,0.51318,0.55316,0.34394,0.0172,0.33443,1.76355,1.75996,2.36724,0.000808188,0.000808188,0.000808188
64,3317.62,1.29201,1.55877,1.77326,0.55601,0.47607,0.51024,0.30431,0.0512,0.31207,1.77687,1.83518,2.38241,0.000805094,0.000805094,0.000805094
65,3376.78,1.29529,1.53255,1.78818,0.55011,0.48591,0.49929,0.27493,0.03974,0.28458,1.90956,1.87601,2.55986,0.000802,0.000802,0.000802
66,3438.77,1.28576,1.52493,1.78374,0.58362,0.49645,0.4969,0.28399,0.08413,0.29774,1.83779,1.89651,2.46889,0.000798906,0.000798906,0.000798906
67,3498.95,1.27529,1.50251,1.77053,0.63901,0.47179,0.54922,0.30628,0.05466,0.32926,1.78638,1.809,2.3966,0.000795812,0.000795812,0.000795812
68,3563.03,1.28614,1.51806,1.78237,0.66701,0.50946,0.56211,0.33061,0.00088,0.33233,1.74274,1.69831,2.32155,0.000792719,0.000792719,0.000792719
69,3618.53,1.26052,1.48673,1.769,0.62251,0.50957,0.55007,0.31606,0.02637,0.32473,1.80531,1.74303,2.43209,0.000789625,0.000789625,0.000789625
70,3658.61,1.25429,1.4755,1.73588,0.63557,0.53774,0.56961,0.3631,0.01909,0.34595,1.70223,1.66508,2.32335,0.000786531,0.000786531,0.000786531
71,3702.93,1.26072,1.5243,1.77249,0.59384,0.46688,0.51352,0.30248,0.02374,0.30874,1.83244,1.92307,2.46758,0.000783438,0.000783438,0.000783438
72,3744.97,1.23066,1.46811,1.73157,0.60895,0.48825,0.55269,0.31878,0.00912,0.3282,1.81633,1.77814,2.43725,0.000780344,0.000780344,0.000780344
73,3787.64,1.24918,1.48213,1.73108,0.56547,0.51678,0.55577,0.35402,0.00704,0.33734,1.73932,1.69198,2.33315,0.00077725,0.00077725,0.00077725
74,3832.36,1.22558,1.45132,1.73844,0.67127,0.49728,0.5566,0.33851,0.01099,0.33522,1.7996,1.71805,2.4039,0.000774156,0.000774156,0.000774156
75,3887.67,1.23679,1.46072,1.73477,0.72886,0.47892,0.54354,0.32894,0.05837,0.33048,1.75426,1.7377,2.40372,0.000771063,0.000771063,0.000771063
76,3941.68,1.23738,1.44344,1.72368,0.58747,0.49103,0.54423,0.30442,0.05561,0.32562,1.77604,1.7484,2.38642,0.000767969,0.000767969,0.000767969
77,4005.49,1.24103,1.46102,1.72551,0.53417,0.54176,0.54918,0.32631,0.06745,0.33491,1.77179,1.76809,2.37729,0.000764875,0.000764875,0.000764875
78,4058.31,1.22415,1.43208,1.73586,0.61241,0.52998,0.55466,0.33147,0.0242,0.33131,1.81188,1.72965,2.41338,0.000761781,0.000761781,0.000761781
79,4122.28,1.22318,1.43034,1.72834,0.57952,0.45195,0.48825,0.28377,0.05235,0.29312,1.80267,1.7954,2.46434,0.000758687,0.000758687,0.000758687
80,4185.48,1.20322,1.41942,1.71035,0.60327,0.53838,0.55031,0.32878,0.03833,0.33211,1.77163,1.72934,2.42082,0.000755594,0.000755594,0.000755594
81,4249.7,1.22145,1.44531,1.72585,0.66125,0.46374,0.54929,0.33622,0.0372,0.32859,1.77401,1.68445,2.3792,0.0007525,0.0007525,0.0007525
82,4310.93,1.23195,1.44471,1.71886,0.56454,0.54042,0.54731,0.31329,0.01294,0.32941,1.77509,1.76315,2.3904,0.000749406,0.000749406,0.000749406
83,4376.79,1.2089,1.4067,1.71348,0.49642,0.57225,0.53772,0.30561,0.01039,0.31138,1.78123,1.66282,2.41763,0.000746313,0.000746313,0.000746313
84,4431.07,1.20488,1.41497,1.70553,0.63419,0.49633,0.54639,0.33681,0.01631,0.33135,1.81957,1.71861,2.42044,0.000743219,0.000743219,0.000743219
85,4479.5,1.20888,1.40467,1.6972,0.57526,0.4753,0.53289,0.3194,0.08356,0.32597,1.79233,1.7677,2.38322,0.000740125,0.000740125,0.000740125
86,4541.85,1.21432,1.42096,1.70469,0.69466,0.49814,0.56107,0.35686,0.05727,0.34164,1.7677,1.71689,2.41808,0.000737031,0.000737031,0.000737031
87,4605.26,1.18193,1.37711,1.68596,0.59503,0.54222,0.56757,0.33596,0.03159,0.33548,1.75352,1.64494,2.35,0.000733937,0.000733937,0.000733937
88,4667.62,1.1809,1.3629,1.68576,0.65536,0.49652,0.55251,0.33898,0.04476,0.33784,1.75028,1.6907,2.40099,0.000730844,0.000730844,0.000730844
89,4731.73,1.19166,1.36939,1.68705,0.60663,0.49234,0.55239,0.33859,0.00265,0.32946,1.75689,1.72201,2.32892,0.00072775,0.00072775,0.00072775
90,4792.94,1.18974,1.39915,1.6835,0.56807,0.54907,0.52705,0.30372,0.04631,0.31171,1.84376,1.74363,2.46936,0.000724656,0.000724656,0.000724656
91,4856.98,1.20751,1.38083,1.69961,0.5473,0.52338,0.5717,0.38781,0.05887,0.36788,1.75939,1.64712,2.41216,0.000721562,0.000721562,0.000721562
92,4919.75,1.1802,1.39137,1.68821,0.53532,0.52352,0.52497,0.31409,0.02865,0.31234,1.81225,1.77592,2.43829,0.000718469,0.000718469,0.000718469
93,4976.9,1.18102,1.37604,1.68336,0.62168,0.52281,0.55498,0.3428,0.02572,0.33903,1.76308,1.71263,2.45503,0.000715375,0.000715375,0.000715375
94,5041.96,1.16477,1.3606,1.67533,0.5271,0.52066,0.53623,0.31891,0.05071,0.32429,1.83446,1.7905,2.47478,0.000712281,0.000712281,0.000712281
95,5105.14,1.17055,1.3458,1.65929,0.54814,0.60127,0.56296,0.33614,0.02983,0.33331,1.79245,1.72051,2.44278,0.000709188,0.000709188,0.000709188
96,5166.04,1.16738,1.36374,1.66933,0.58239,0.53734,0.52709,0.32639,0.02517,0.31521,1.82758,1.72156,2.45165,0.000706094,0.000706094,0.000706094
97,5227.2,1.15934,1.32899,1.66276,0.5656,0.52431,0.53752,0.30005,0.02266,0.31282,1.84764,1.71137,2.457,0.000703,0.000703,0.000703
98,5291.87,1.15627,1.33153,1.64538,0.5736,0.53612,0.5456,0.33624,0.00642,0.32998,1.75378,1.72052,2.36059,0.000699906,0.000699906,0.000699906
99,5354.82,1.15991,1.32368,1.66168,0.53883,0.53295,0.55564,0.32575,0.034,0.33038,1.77256,1.72074,2.42571,0.000696812,0.000696812,0.000696812
100,5415.85,1.15357,1.31004,1.66044,0.59801,0.51993,0.55642,0.3246,0.01392,0.33247,1.74935,1.72038,2.3693,0.000693719,0.000693719,0.000693719
101,5477.18,1.17051,1.34776,1.66532,0.67641,0.47542,0.52902,0.32462,0.00487,0.31575,1.7863,1.63142,2.36022,0.000690625,0.000690625,0.000690625
102,5538.88,1.14137,1.28556,1.64701,0.55993,0.49957,0.5324,0.30972,0.05029,0.3258,1.82649,1.74601,2.48392,0.000687531,0.000687531,0.000687531
103,5598.88,1.12937,1.28657,1.63073,0.5175,0.56002,0.54159,0.33017,0.02522,0.32507,1.84112,1.69834,2.51043,0.000684438,0.000684438,0.000684438
104,5661.5,1.13641,1.30123,1.63046,0.67567,0.50977,0.51805,0.30106,0.02448,0.3072,1.81819,1.71674,2.47101,0.000681344,0.000681344,0.000681344
105,5722.99,1.14209,1.30586,1.64373,0.60496,0.4977,0.53782,0.32042,0.01479,0.32464,1.7473,1.65781,2.38495,0.00067825,0.00067825,0.00067825
106,5788.52,1.13844,1.29657,1.63621,0.56848,0.51024,0.54845,0.31405,0.05609,0.32616,1.79891,1.75485,2.4503,0.000675156,0.000675156,0.000675156
107,5847.83,1.13698,1.27271,1.62679,0.6487,0.53245,0.5688,0.33472,0.01471,0.33831,1.81228,1.65298,2.47846,0.000672063,0.000672063,0.000672063
108,5910.7,1.12661,1.25488,1.63003,0.60059,0.49415,0.54331,0.31373,0.04176,0.32187,1.79158,1.70425,2.4397,0.000668969,0.000668969,0.000668969
109,5972.26,1.12614,1.27418,1.6302,0.57991,0.55374,0.55958,0.33151,0.05498,0.33837,1.79792,1.69515,2.47812,0.000665875,0.000665875,0.000665875
110,6032.86,1.09534,1.27009,1.60516,0.5809,0.55557,0.57664,0.32648,0.02277,0.33874,1.82022,1.67552,2.4829,0.000662781,0.000662781,0.000662781
111,6088.31,1.10629,1.25549,1.60358,0.54804,0.57325,0.58271,0.35639,0.02846,0.35355,1.80278,1.65042,2.45426,0.000659688,0.000659688,0.000659688
112,6155.24,1.11281,1.23082,1.61896,0.59309,0.49211,0.54229,0.32292,0.03989,0.32257,1.8327,1.69065,2.51824,0.000656594,0.000656594,0.000656594
113,6217.15,1.10996,1.23327,1.60552,0.61527,0.50637,0.5379,0.289,0.00313,0.3126,1.84012,1.76355,2.53578,0.0006535,0.0006535,0.0006535
114,6280.02,1.09466,1.2423,1.60388,0.65253,0.51144,0.557,0.34426,0.05247,0.3409,1.76596,1.70923,2.42126,0.000650406,0.000650406,0.000650406
115,6328.28,1.09945,1.21489,1.58991,0.51718,0.52561,0.5342,0.30958,0.00333,0.31794,1.82339,1.71393,2.46567,0.000647313,0.000647313,0.000647313
116,6388.69,1.1033,1.24717,1.60377,0.6333,0.47282,0.54702,0.31049,0.04298,0.32668,1.81025,1.7036,2.48923,0.000644219,0.000644219,0.000644219
117,6453.24,1.0802,1.20492,1.59078,0.55389,0.52562,0.5595,0.31845,0.03894,0.33515,1.82439,1.69925,2.5444,0.000641125,0.000641125,0.000641125
118,6512.31,1.0769,1.20495,1.5973,0.53283,0.60254,0.55614,0.34572,0.02632,0.33478,1.78839,1.69717,2.49265,0.000638031,0.000638031,0.000638031
119,6574.59,1.08775,1.21282,1.59744,0.51677,0.59125,0.55505,0.35211,0.01245,0.34175,1.82466,1.6435,2.51565,0.000634937,0.000634937,0.000634937
120,6637.8,1.09058,1.22963,1.60081,0.65004,0.49769,0.55962,0.33031,0.02036,0.33925,1.82003,1.64611,2.50566,0.000631844,0.000631844,0.000631844
121,6700.79,1.09643,1.19985,1.59479,0.53225,0.52997,0.55172,0.32987,0.03778,0.3301,1.80209,1.65977,2.49945,0.00062875,0.00062875,0.00062875
122,6763.37,1.08551,1.19804,1.57882,0.57084,0.49409,0.55161,0.31653,0.02299,0.32592,1.87897,1.74594,2.60871,0.000625656,0.000625656,0.000625656
123,6825.12,1.07949,1.21805,1.58923,0.53547,0.5658,0.56637,0.35206,0.02225,0.34253,1.82162,1.63922,2.53924,0.000622563,0.000622563,0.000622563
124,6886.9,1.09772,1.19979,1.59454,0.65296,0.49096,0.54583,0.33744,0.04652,0.33902,1.83655,1.71381,2.49137,0.000619469,0.000619469,0.000619469
125,6948.95,1.06694,1.18742,1.56539,0.66659,0.48162,0.55233,0.31986,0.02147,0.32787,1.82284,1.7046,2.52111,0.000616375,0.000616375,0.000616375
126,7013.35,1.08586,1.18505,1.57097,0.64339,0.48215,0.53262,0.32452,0.06361,0.32338,1.80722,1.72599,2.51471,0.000613281,0.000613281,0.000613281
127,7080.38,1.05926,1.17929,1.56283,0.62646,0.48722,0.54006,0.32285,0.05377,0.3272,1.83889,1.73983,2.53842,0.000610188,0.000610188,0.000610188
128,7139.4,1.08276,1.18394,1.59187,0.61573,0.52704,0.5541,0.33487,0.06043,0.33358,1.82401,1.68119,2.54064,0.000607094,0.000607094,0.000607094
129,7200.97,1.05711,1.1812,1.572,0.62871,0.50226,0.55323,0.32665,0.01305,0.33378,1.83064,1.68122,2.55241,0.000604,0.000604,0.000604
130,7264.45,1.0431,1.15691,1.54609,0.57092,0.57862,0.5768,0.35346,0.03099,0.34579,1.82898,1.66792,2.54805,0.000600906,0.000600906,0.000600906
131,7327.88,1.04904,1.16441,1.5473,0.53943,0.53812,0.55772,0.3284,0.04019,0.33766,1.83084,1.67703,2.52247,0.000597812,0.000597812,0.000597812
132,7395.2,1.03236,1.13647,1.53459,0.59598,0.53318,0.53344,0.31514,0.05257,0.32367,1.85329,1.7155,2.58675,0.000594719,0.000594719,0.000594719
133,7456.74,1.04021,1.1464,1.54611,0.5996,0.54102,0.58172,0.35543,0.0288,0.35071,1.81561,1.66042,2.50664,0.000591625,0.000591625,0.000591625
134,7518.94,1.04007,1.12906,1.55211,0.54279,0.55167,0.5394,0.30193,0.0063,0.31697,1.86842,1.74112,2.61837,0.000588531,0.000588531,0.000588531
135,7583.54,1.04724,1.13434,1.54777,0.52294,0.57574,0.56305,0.33034,0.02212,0.33181,1.85023,1.66321,2.5863,0.000585438,0.000585438,0.000585438
136,7642.85,1.03512,1.12628,1.53166,0.55771,0.54454,0.55518,0.32766,0.02964,0.32547,1.8364,1.70893,2.54527,0.000582344,0.000582344,0.000582344
137,7703.03,1.07884,1.16907,1.57698,0.52719,0.53312,0.52314,0.34079,0.03064,0.31408,1.89322,1.75042,2.61538,0.00057925,0.00057925,0.00057925
138,7765.36,1.0189,1.12763,1.5395,0.5127,0.54905,0.5373,0.34182,0.03796,0.32822,1.8836,1.78535,2.63506,0.000576156,0.000576156,0.000576156
139,7828.7,1.04904,1.16556,1.5585,0.53634,0.53926,0.51872,0.29585,0.02649,0.30634,1.86574,1.732,2.66313,0.000573063,0.000573063,0.000573063
140,7891.13,1.02064,1.12435,1.53039,0.60567,0.54402,0.54314,0.32807,0.04804,0.32485,1.86871,1.63167,2.6708,0.000569969,0.000569969,0.000569969
141,7953.78,1.01607,1.11408,1.51605,0.60035,0.52323,0.54509,0.32686,0.02194,0.32854,1.83183,1.7031,2.55489,0.000566875,0.000566875,0.000566875
142,8016.84,1.03361,1.14202,1.53689,0.64432,0.49306,0.53892,0.31492,0.03925,0.32206,1.8468,1.69058,2.58964,0.000563781,0.000563781,0.000563781
143,8079.09,1.02903,1.11599,1.52067,0.5908,0.52136,0.53953,0.32747,0.0181,0.32397,1.85123,1.74031,2.57235,0.000560687,0.000560687,0.000560687
144,8139.33,1.02742,1.12256,1.52114,0.61706,0.4912,0.50934,0.30146,0.00423,0.2996,1.84578,1.73178,2.58527,0.000557594,0.000557594,0.000557594
145,8201.91,1.03736,1.12657,1.53026,0.60409,0.5223,0.5189,0.3055,0.01219,0.30351,1.86044,1.77622,2.58471,0.0005545,0.0005545,0.0005545
146,8266.63,1.02815,1.11206,1.53229,0.65246,0.54942,0.55296,0.31811,0.03684,0.32821,1.81386,1.74132,2.54268,0.000551406,0.000551406,0.000551406
147,8330.4,1.00949,1.08865,1.51689,0.62013,0.51772,0.57311,0.3252,0.03596,0.33988,1.81604,1.70051,2.53976,0.000548312,0.000548312,0.000548312
148,8392.95,0.99512,1.07299,1.50215,0.69687,0.5163,0.5765,0.32852,0.03505,0.34254,1.81434,1.67754,2.52464,0.000545219,0.000545219,0.000545219
149,8456.8,1.01866,1.10275,1.5125,0.65699,0.52949,0.57729,0.33861,0.03685,0.34696,1.79783,1.63644,2.53772,0.000542125,0.000542125,0.000542125
150,8519.31,1.0151,1.07178,1.50654,0.62234,0.52719,0.57057,0.32552,0.00986,0.34032,1.8015,1.66369,2.49905,0.000539031,0.000539031,0.000539031
151,8578,0.99514,1.08741,1.50094,0.54091,0.58701,0.56778,0.31774,0.01144,0.33295,1.81425,1.70953,2.55185,0.000535937,0.000535937,0.000535937
152,8638.28,0.99845,1.08291,1.4896,0.67537,0.50459,0.55018,0.29501,0.03742,0.32004,1.83711,1.65195,2.55709,0.000532844,0.000532844,0.000532844
153,8702.08,0.97122,1.05543,1.47595,0.56263,0.54796,0.55564,0.33851,0.01742,0.33677,1.83135,1.66779,2.57069,0.00052975,0.00052975,0.00052975
154,8764.45,0.98617,1.06386,1.48867,0.65273,0.49939,0.5598,0.31902,0.05073,0.3392,1.86289,1.62502,2.59813,0.000526656,0.000526656,0.000526656
155,8827.77,0.98609,1.07735,1.49412,0.54758,0.56029,0.56222,0.31009,0.04986,0.33656,1.84913,1.66919,2.60113,0.000523563,0.000523563,0.000523563
156,8888.39,0.97229,1.04958,1.47645,0.66408,0.53336,0.57764,0.31772,0.04108,0.33811,1.87459,1.66176,2.66307,0.000520469,0.000520469,0.000520469
157,8950.41,0.99827,1.06648,1.49587,0.62081,0.52057,0.56338,0.32469,0.03909,0.33291,1.85604,1.68676,2.61058,0.000517375,0.000517375,0.000517375
158,9012.85,0.97816,1.0483,1.47999,0.62146,0.51712,0.56592,0.31712,0.0281,0.34261,1.82539,1.64744,2.57541,0.000514281,0.000514281,0.000514281
159,9074.78,0.98859,1.04573,1.48848,0.65205,0.49442,0.55175,0.32243,0.06095,0.33063,1.86877,1.72681,2.60357,0.000511188,0.000511188,0.000511188
160,9137.39,0.99403,1.04542,1.48675,0.6076,0.53001,0.56423,0.30408,0.03255,0.33112,1.87479,1.67284,2.63159,0.000508094,0.000508094,0.000508094
161,9196.79,0.98157,1.06272,1.48241,0.63457,0.48956,0.54943,0.3066,0.04591,0.32246,1.87737,1.72152,2.63721,0.000505,0.000505,0.000505
162,9260.15,0.98823,1.03732,1.49336,0.62722,0.48847,0.5359,0.29496,0.02462,0.31321,1.86403,1.7269,2.59406,0.000501906,0.000501906,0.000501906
163,9323.58,0.9732,1.03255,1.48226,0.70809,0.46506,0.54446,0.30805,0.04312,0.32564,1.79176,1.6849,2.55545,0.000498813,0.000498813,0.000498813
164,9384.64,0.96905,1.01595,1.47676,0.60354,0.53809,0.55059,0.31998,0.02058,0.32782,1.85791,1.68829,2.61015,0.000495719,0.000495719,0.000495719
165,9447.87,0.96096,1.01737,1.47089,0.65869,0.51525,0.53348,0.30106,0.01321,0.31234,1.84192,1.68518,2.6195,0.000492625,0.000492625,0.000492625
166,9509.85,0.95933,1.04616,1.47492,0.5498,0.55549,0.54052,0.30685,0.02814,0.32122,1.85304,1.64708,2.6352,0.000489531,0.000489531,0.000489531
167,9571.11,0.95846,1.01367,1.45625,0.66165,0.53678,0.53999,0.29953,0.03221,0.3217,1.81274,1.65592,2.58328,0.000486437,0.000486437,0.000486437
168,9632.41,0.96226,1.0257,1.4673,0.59605,0.56278,0.56674,0.31521,0.03966,0.33576,1.84149,1.66896,2.64304,0.000483344,0.000483344,0.000483344
169,9695.2,0.95797,1.01423,1.46534,0.65429,0.51608,0.56088,0.31126,0.04163,0.33247,1.8485,1.65385,2.62005,0.00048025,0.00048025,0.00048025
170,9756.9,0.95048,1.0009,1.47632,0.56265,0.57663,0.56533,0.32129,0.06638,0.33698,1.84253,1.69716,2.61011,0.000477156,0.000477156,0.000477156
171,9821.62,0.95273,0.99137,1.45384,0.5957,0.56049,0.57623,0.34997,0.05276,0.35117,1.82588,1.72631,2.55556,0.000474062,0.000474062,0.000474062
172,9882.95,0.96663,1.01122,1.46432,0.55408,0.52552,0.54186,0.31493,0.06479,0.32602,1.8729,1.83001,2.65833,0.000470969,0.000470969,0.000470969
173,9945.13,0.95217,1.0082,1.46119,0.55654,0.5026,0.53806,0.31385,0.00327,0.32029,1.88327,1.79044,2.68504,0.000467875,0.000467875,0.000467875
174,10006.4,0.92834,0.9932,1.447,0.54395,0.54059,0.54978,0.33096,0.01676,0.33089,1.84437,1.73905,2.60649,0.000464781,0.000464781,0.000464781
175,10068.7,0.94207,0.99559,1.44145,0.61041,0.5722,0.5521,0.31791,0.02819,0.32825,1.87871,1.71815,2.61287,0.000461688,0.000461688,0.000461688
176,10132.1,0.95174,0.99704,1.45468,0.546,0.57572,0.52308,0.29994,0.0195,0.30331,1.88121,1.68173,2.68577,0.000458594,0.000458594,0.000458594
177,10195.9,0.9473,0.98199,1.4521,0.52776,0.57006,0.52207,0.3049,0.03716,0.31523,1.89233,1.74425,2.65686,0.0004555,0.0004555,0.0004555
178,10256.6,0.93605,0.98974,1.43811,0.59289,0.4908,0.52595,0.30648,0.06037,0.31887,1.8808,1.70739,2.64838,0.000452406,0.000452406,0.000452406
179,10319.5,0.92115,0.9996,1.42999,0.61358,0.52298,0.56489,0.33381,0.05327,0.33749,1.88268,1.62278,2.63388,0.000449313,0.000449313,0.000449313
180,10384.5,0.9235,0.96302,1.43183,0.59118,0.51812,0.54728,0.31116,0.05969,0.32547,1.86092,1.71637,2.58603,0.000446219,0.000446219,0.000446219
181,10438.6,0.93313,0.99204,1.4527,0.63155,0.51965,0.56044,0.33907,0.01927,0.33222,1.88094,1.71146,2.61264,0.000443125,0.000443125,0.000443125
182,10477.2,0.93649,0.96436,1.43796,0.57099,0.54829,0.54417,0.3226,0.02324,0.32695,1.876,1.72435,2.63568,0.000440031,0.000440031,0.000440031
183,10521.1,0.90493,0.95452,1.41564,0.66449,0.50518,0.55167,0.31678,0.03411,0.3272,1.86823,1.75733,2.66259,0.000436938,0.000436938,0.000436938
184,10567,0.91646,0.97374,1.42589,0.5516,0.57902,0.53843,0.32634,0.04959,0.32344,1.85424,1.79493,2.6402,0.000433844,0.000433844,0.000433844
185,10609.4,0.90135,0.95979,1.41742,0.61979,0.52526,0.54426,0.3124,0.0687,0.33187,1.87175,1.82887,2.65673,0.00043075,0.00043075,0.00043075
186,10650.8,0.91906,0.9764,1.439,0.60557,0.55581,0.55706,0.32843,0.03041,0.33455,1.87109,1.77414,2.68638,0.000427656,0.000427656,0.000427656
187,10693.3,0.92159,0.95628,1.43011,0.68141,0.51264,0.55008,0.34048,0.02743,0.33364,1.87875,1.74116,2.63888,0.000424562,0.000424562,0.000424562
188,10736.4,0.9031,0.97232,1.41207,0.60444,0.51599,0.53816,0.30837,0.01242,0.3188,1.87419,1.75388,2.66534,0.000421469,0.000421469,0.000421469
189,10780.3,0.91569,0.94032,1.41124,0.59457,0.55151,0.54369,0.33135,0.06797,0.3352,1.85657,1.70831,2.65515,0.000418375,0.000418375,0.000418375
190,10822,0.90828,0.9365,1.41418,0.55509,0.55886,0.53812,0.32078,0.00612,0.3242,1.84675,1.78562,2.66119,0.000415281,0.000415281,0.000415281
191,10865,0.89456,0.95041,1.411,0.56264,0.5384,0.53635,0.3078,0.03805,0.31923,1.86291,1.73242,2.6914,0.000412188,0.000412188,0.000412188
192,10905.7,0.8907,0.93831,1.4048,0.59511,0.51546,0.53639,0.30918,0.01047,0.31092,1.89898,1.72534,2.7469,0.000409094,0.000409094,0.000409094
193,10950,0.89663,0.93632,1.40829,0.63378,0.52324,0.55688,0.33649,0.01649,0.33746,1.86493,1.75777,2.70151,0.000406,0.000406,0.000406
194,10993.1,0.91405,0.94653,1.42409,0.57478,0.55174,0.56224,0.33447,0.04249,0.34011,1.85632,1.709,2.66864,0.000402906,0.000402906,0.000402906
195,11036.5,0.90829,0.94664,1.41667,0.70135,0.48384,0.55929,0.3342,0.05192,0.33905,1.87045,1.71319,2.68314,0.000399813,0.000399813,0.000399813
196,11077.8,0.91259,0.93949,1.42706,0.5756,0.54085,0.5442,0.33262,0.04488,0.33575,1.8633,1.73369,2.66643,0.000396719,0.000396719,0.000396719
197,11139,0.88405,0.92638,1.38704,0.54235,0.59778,0.5584,0.35485,0.02264,0.3429,1.87279,1.71578,2.65203,0.000393625,0.000393625,0.000393625
198,11201.5,0.8977,0.91854,1.40925,0.67334,0.54605,0.56682,0.32505,0.0461,0.34419,1.87976,1.72509,2.72268,0.000390531,0.000390531,0.000390531
199,11262.8,0.87664,0.90086,1.38433,0.6079,0.55781,0.56884,0.34548,0.0519,0.35269,1.87061,1.72235,2.71811,0.000387437,0.000387437,0.000387437
200,11325.3,0.87807,0.90538,1.39645,0.61096,0.53035,0.55956,0.33149,0.07533,0.34222,1.87906,1.74633,2.70703,0.000384344,0.000384344,0.000384344
201,11389.8,0.89726,0.93784,1.41489,0.56397,0.5494,0.55438,0.31556,0.05,0.33326,1.8728,1.82579,2.72311,0.00038125,0.00038125,0.00038125
202,11454,0.87604,0.89919,1.38988,0.60243,0.52586,0.55404,0.34215,0.06687,0.33901,1.88103,1.7854,2.70911,0.000378156,0.000378156,0.000378156
203,11511,0.86897,0.89826,1.38755,0.59812,0.55623,0.53506,0.31534,0.06924,0.32939,1.87151,1.79819,2.69877,0.000375063,0.000375063,0.000375063
204,11575,0.87652,0.8982,1.38696,0.64487,0.51244,0.54564,0.31589,0.06555,0.32841,1.8684,1.79777,2.71305,0.000371969,0.000371969,0.000371969
205,11636.1,0.84748,0.86178,1.35997,0.57294,0.54792,0.55726,0.34929,0.04061,0.34334,1.871,1.78137,2.68641,0.000368875,0.000368875,0.000368875
206,11698.8,0.86649,0.89108,1.37664,0.61835,0.52071,0.54148,0.30207,0.04017,0.32556,1.88363,1.70192,2.73512,0.000365781,0.000365781,0.000365781
207,11761,0.87063,0.90633,1.37945,0.62492,0.54549,0.55268,0.31042,0.04004,0.33072,1.91478,1.6842,2.75973,0.000362687,0.000362687,0.000362687
208,11822.5,0.86766,0.8767,1.37596,0.56374,0.56092,0.55704,0.30787,0.06456,0.33138,1.89418,1.7023,2.71214,0.000359594,0.000359594,0.000359594
209,11884.1,0.85527,0.88045,1.36695,0.58893,0.55654,0.56841,0.32826,0.08654,0.34607,1.86275,1.72127,2.69534,0.0003565,0.0003565,0.0003565
210,11946.7,0.85801,0.88767,1.36852,0.60006,0.54318,0.5547,0.30438,0.08237,0.33243,1.9202,1.75505,2.77079,0.000353406,0.000353406,0.000353406
211,12008.7,0.85481,0.89095,1.36704,0.62413,0.50818,0.54291,0.30098,0.04888,0.31844,1.91705,1.77193,2.74016,0.000350313,0.000350313,0.000350313
212,12070.5,0.85131,0.87191,1.36198,0.59229,0.52603,0.55555,0.32863,0.03507,0.33251,1.89022,1.77017,2.71018,0.000347219,0.000347219,0.000347219
213,12133.4,0.84985,0.8739,1.36559,0.56143,0.52932,0.53604,0.33013,0.03823,0.31886,1.8814,1.79134,2.7324,0.000344125,0.000344125,0.000344125
214,12197,0.86711,0.88963,1.38261,0.55496,0.59461,0.55795,0.33334,0.04725,0.33559,1.88581,1.75069,2.71369,0.000341031,0.000341031,0.000341031
215,12259.3,0.87055,0.90936,1.38368,0.58492,0.55128,0.55879,0.3333,0.06272,0.34118,1.90351,1.72497,2.69828,0.000337938,0.000337938,0.000337938
216,12319.5,0.8541,0.86417,1.36006,0.58343,0.54191,0.54926,0.34812,0.0462,0.34071,1.91202,1.7286,2.72676,0.000334844,0.000334844,0.000334844
217,12379.5,0.83219,0.86174,1.35734,0.56528,0.56842,0.542,0.3179,0.06054,0.32545,1.88182,1.77376,2.69177,0.00033175,0.00033175,0.00033175
218,12441.9,0.83285,0.85768,1.34624,0.6025,0.52733,0.5337,0.29181,0.06152,0.318,1.90395,1.75523,2.70428,0.000328656,0.000328656,0.000328656
219,12505.5,0.85128,0.87876,1.36268,0.56984,0.53819,0.5387,0.30243,0.05561,0.32707,1.89284,1.75227,2.70478,0.000325563,0.000325563,0.000325563
220,12568.1,0.86037,0.88293,1.37475,0.54284,0.55101,0.54448,0.33274,0.06933,0.33937,1.88789,1.80357,2.68758,0.000322469,0.000322469,0.000322469
221,12630.6,0.82343,0.8351,1.33257,0.58528,0.5305,0.55037,0.31886,0.04469,0.33665,1.90099,1.75997,2.70064,0.000319375,0.000319375,0.000319375
222,12692.4,0.86213,0.87162,1.37059,0.61033,0.51116,0.55983,0.34457,0.06619,0.34667,1.91191,1.73659,2.71459,0.000316281,0.000316281,0.000316281
223,12755.9,0.83986,0.8544,1.36094,0.63486,0.50345,0.55477,0.33774,0.06996,0.34488,1.8967,1.74085,2.69757,0.000313187,0.000313187,0.000313187
224,12814.3,0.82199,0.8357,1.3439,0.53908,0.60383,0.56407,0.33898,0.0688,0.34855,1.89414,1.73544,2.6917,0.000310094,0.000310094,0.000310094
225,12879,0.83079,0.84685,1.34156,0.56877,0.56225,0.5604,0.3252,0.06302,0.34482,1.88342,1.74322,2.71671,0.000307,0.000307,0.000307
226,12940,0.82414,0.83504,1.3419,0.6159,0.53423,0.55749,0.32813,0.08202,0.34406,1.88193,1.81712,2.72144,0.000303906,0.000303906,0.000303906
227,13001.6,0.81753,0.81592,1.33551,0.59077,0.55293,0.56137,0.33231,0.0833,0.34751,1.87678,1.8376,2.72618,0.000300812,0.000300812,0.000300812
228,13061.6,0.82518,0.84724,1.34679,0.57628,0.56377,0.5629,0.33184,0.08256,0.34696,1.90608,1.83082,2.74678,0.000297719,0.000297719,0.000297719
229,13125.2,0.8248,0.82982,1.33258,0.60009,0.52997,0.55836,0.34007,0.0829,0.34465,1.90267,1.78443,2.74067,0.000294625,0.000294625,0.000294625
230,13187.9,0.8173,0.84493,1.3372,0.60437,0.50642,0.55223,0.33342,0.05983,0.34083,1.94414,1.77877,2.81533,0.000291531,0.000291531,0.000291531
231,13250.8,0.82465,0.82569,1.33524,0.59023,0.53098,0.55085,0.32978,0.06128,0.33539,1.92289,1.75712,2.81175,0.000288438,0.000288438,0.000288438
232,13313.7,0.82092,0.81733,1.34284,0.66539,0.49604,0.55464,0.33644,0.07931,0.33914,1.92922,1.75407,2.83828,0.000285344,0.000285344,0.000285344
233,13374,0.81886,0.84692,1.33429,0.59399,0.55293,0.5539,0.34029,0.07529,0.34159,1.92102,1.72524,2.81613,0.00028225,0.00028225,0.00028225
234,13434.3,0.81409,0.81988,1.3355,0.59757,0.55498,0.55641,0.33747,0.06561,0.33957,1.92849,1.72096,2.811,0.000279156,0.000279156,0.000279156
235,13498.8,0.80242,0.8078,1.32366,0.56339,0.56142,0.56409,0.33563,0.07387,0.34985,1.93329,1.78539,2.7928,0.000276063,0.000276063,0.000276063
236,13560.2,0.80237,0.81594,1.31774,0.69363,0.48868,0.55678,0.33062,0.08822,0.34511,1.92591,1.79291,2.79115,0.000272969,0.000272969,0.000272969
237,13622.6,0.80898,0.81049,1.32333,0.61781,0.53778,0.56031,0.32134,0.07881,0.34413,1.92389,1.81366,2.80993,0.000269875,0.000269875,0.000269875
238,13686.3,0.81359,0.82489,1.3367,0.66863,0.5228,0.56209,0.31665,0.06393,0.34313,1.92784,1.77421,2.8102,0.000266781,0.000266781,0.000266781
239,13747.9,0.80157,0.81582,1.31726,0.64739,0.53507,0.56008,0.31967,0.05474,0.33779,1.93617,1.78301,2.82833,0.000263687,0.000263687,0.000263687
240,13809.7,0.80968,0.80188,1.32757,0.5832,0.5548,0.55452,0.3151,0.05205,0.33233,1.95457,1.82624,2.83281,0.000260594,0.000260594,0.000260594
241,13866.5,0.8078,0.79721,1.31538,0.6234,0.54684,0.55922,0.30018,0.07188,0.33454,1.94708,1.81505,2.81913,0.0002575,0.0002575,0.0002575
242,13928.9,0.7996,0.79133,1.31311,0.59978,0.55489,0.55914,0.31277,0.07004,0.33795,1.95096,1.83242,2.82483,0.000254406,0.000254406,0.000254406
243,13992.8,0.7812,0.80125,1.30754,0.68067,0.5214,0.56586,0.33251,0.07218,0.34823,1.93996,1.82998,2.81971,0.000251313,0.000251313,0.000251313
244,14056,0.79238,0.79323,1.30995,0.64366,0.52967,0.55424,0.31736,0.06843,0.33754,1.96054,1.85882,2.82691,0.000248219,0.000248219,0.000248219
245,14118.2,0.79607,0.78364,1.30674,0.66055,0.50882,0.54794,0.32373,0.06833,0.33412,1.94667,1.86116,2.79136,0.000245125,0.000245125,0.000245125
246,14178.8,0.78342,0.79307,1.3092,0.67259,0.4785,0.54971,0.32612,0.08746,0.3373,1.94863,1.87252,2.80348,0.000242031,0.000242031,0.000242031
247,14238.4,0.78574,0.77466,1.30466,0.58116,0.52528,0.54665,0.32057,0.08541,0.33373,1.9472,1.83262,2.80163,0.000238937,0.000238937,0.000238937
248,14302.8,0.77621,0.77657,1.30196,0.61618,0.52998,0.55641,0.33439,0.08287,0.34021,1.94825,1.82534,2.81138,0.000235844,0.000235844,0.000235844
249,14365.7,0.78017,0.78984,1.29756,0.62255,0.51075,0.53756,0.31069,0.07206,0.32239,1.95515,1.84441,2.81678,0.00023275,0.00023275,0.00023275
250,14430.1,0.77543,0.78359,1.29587,0.57107,0.57059,0.54539,0.3224,0.08189,0.33117,1.96234,1.87138,2.81939,0.000229656,0.000229656,0.000229656
251,14487.7,0.78194,0.83351,1.30261,0.62132,0.56076,0.55768,0.33402,0.08713,0.34249,1.94018,1.8344,2.79327,0.000226563,0.000226563,0.000226563
252,14549.3,0.78103,0.78607,1.31042,0.59614,0.55929,0.55266,0.32645,0.05734,0.33437,1.9498,1.83914,2.80129,0.000223469,0.000223469,0.000223469
253,14613,0.78505,0.78665,1.30627,0.63502,0.53848,0.56336,0.34237,0.06517,0.34514,1.95024,1.84595,2.8148,0.000220375,0.000220375,0.000220375
254,14676.3,0.77631,0.75912,1.2944,0.62286,0.52821,0.56525,0.34423,0.07562,0.3488,1.92587,1.8198,2.808,0.000217281,0.000217281,0.000217281
255,14739.1,0.77136,0.76464,1.28647,0.59359,0.56182,0.5649,0.35122,0.07034,0.34644,1.92666,1.81654,2.81135,0.000214188,0.000214188,0.000214188
256,14802.4,0.78073,0.78031,1.30602,0.6291,0.54821,0.57035,0.35664,0.06746,0.35446,1.91329,1.80244,2.7878,0.000211094,0.000211094,0.000211094
257,14865,0.76034,0.76268,1.29482,0.65066,0.54353,0.56746,0.34696,0.07275,0.35067,1.91234,1.7957,2.79035,0.000208,0.000208,0.000208
258,14927.6,0.75281,0.76782,1.27891,0.60761,0.53861,0.56049,0.34371,0.07065,0.34735,1.91889,1.83145,2.79277,0.000204906,0.000204906,0.000204906
259,14989.4,0.76748,0.74145,1.2876,0.61124,0.52738,0.55593,0.34108,0.07293,0.34513,1.9127,1.8539,2.79418,0.000201812,0.000201812,0.000201812
260,15048.4,0.75797,0.74523,1.2822,0.64338,0.55098,0.56178,0.3435,0.09011,0.34957,1.92357,1.83287,2.80245,0.000198719,0.000198719,0.000198719
261,15109.9,0.75774,0.75622,1.27838,0.66845,0.5264,0.5549,0.32043,0.08586,0.34199,1.9272,1.83023,2.81602,0.000195625,0.000195625,0.000195625
262,15172.1,0.7535,0.74411,1.27773,0.62756,0.5192,0.55384,0.32002,0.08931,0.34224,1.91323,1.84173,2.79769,0.000192531,0.000192531,0.000192531
263,15235.9,0.75909,0.75623,1.27698,0.68112,0.49213,0.5566,0.33794,0.09058,0.34806,1.91343,1.83928,2.79793,0.000189438,0.000189438,0.000189438
264,15297.6,0.75128,0.73184,1.27784,0.58464,0.54481,0.548,0.33263,0.09044,0.34117,1.92215,1.86852,2.80409,0.000186344,0.000186344,0.000186344
265,15362,0.75662,0.75103,1.27991,0.63273,0.52134,0.54908,0.33103,0.08403,0.33735,1.93323,1.85153,2.81378,0.00018325,0.00018325,0.00018325
266,15421.3,0.74427,0.73287,1.26928,0.58078,0.5544,0.54689,0.33055,0.08645,0.33988,1.93453,1.8722,2.80077,0.000180156,0.000180156,0.000180156
267,15479.9,0.75483,0.75263,1.2804,0.64783,0.51427,0.54928,0.34099,0.09048,0.34302,1.9197,1.87006,2.79023,0.000177062,0.000177062,0.000177062
268,15543.3,0.75531,0.74469,1.27407,0.59676,0.5267,0.5501,0.33741,0.07461,0.34016,1.91821,1.86935,2.79189,0.000173969,0.000173969,0.000173969
269,15607.3,0.75457,0.72386,1.27215,0.69448,0.48298,0.55072,0.33765,0.08585,0.34141,1.94109,1.84348,2.81862,0.000170875,0.000170875,0.000170875
270,15671.5,0.75064,0.74376,1.27694,0.73374,0.47218,0.55664,0.34387,0.08967,0.34681,1.93802,1.84245,2.82898,0.000167781,0.000167781,0.000167781
271,15735.8,0.74697,0.74525,1.27572,0.76024,0.48059,0.55542,0.34451,0.08866,0.3461,1.92738,1.84718,2.81161,0.000164688,0.000164688,0.000164688
272,15794.4,0.73708,0.73285,1.26105,0.72428,0.50812,0.5535,0.34048,0.09005,0.34555,1.92787,1.84018,2.80847,0.000161594,0.000161594,0.000161594
273,15856.9,0.742,0.74061,1.269,0.71679,0.51234,0.55382,0.33835,0.09019,0.34542,1.94924,1.84708,2.83581,0.0001585,0.0001585,0.0001585
274,15919,0.75319,0.73295,1.27392,0.67731,0.52936,0.55003,0.33854,0.08957,0.34209,1.95902,1.89182,2.84538,0.000155406,0.000155406,0.000155406
275,15981.6,0.73184,0.728,1.25781,0.68133,0.52756,0.55042,0.34944,0.092,0.34446,1.95034,1.89807,2.8416,0.000152313,0.000152313,0.000152313
276,16043.8,0.73021,0.70732,1.2562,0.67497,0.52236,0.5509,0.33837,0.07169,0.34068,1.96792,1.87819,2.862,0.000149219,0.000149219,0.000149219
277,16106.6,0.73574,0.71908,1.25393,0.62694,0.5374,0.55004,0.33985,0.06946,0.34096,1.9671,1.86952,2.86438,0.000146125,0.000146125,0.000146125
278,16167.4,0.73505,0.73617,1.26638,0.67832,0.52166,0.55146,0.32552,0.07094,0.33813,1.96516,1.8497,2.86129,0.000143031,0.000143031,0.000143031
279,16228.8,0.76166,0.74473,1.27517,0.67867,0.53851,0.55335,0.32771,0.08271,0.338,1.97653,1.81825,2.86361,0.000139938,0.000139938,0.000139938
280,16290.7,0.73953,0.74097,1.25739,0.63325,0.55067,0.55738,0.33199,0.08536,0.34352,1.96816,1.82108,2.84646,0.000136844,0.000136844,0.000136844
281,16352.2,0.71938,0.71551,1.24163,0.67532,0.52768,0.55349,0.33097,0.08705,0.34107,1.98146,1.83871,2.85305,0.00013375,0.00013375,0.00013375
282,16415.9,0.71696,0.70304,1.24249,0.66358,0.53202,0.55686,0.33544,0.06801,0.34125,1.97923,1.84342,2.85127,0.000130656,0.000130656,0.000130656
283,16477.9,0.72444,0.71058,1.24314,0.69271,0.5191,0.56246,0.33426,0.08951,0.34522,1.96676,1.86194,2.84616,0.000127563,0.000127563,0.000127563
284,16538,0.71705,0.70659,1.2532,0.66159,0.53713,0.55654,0.33173,0.09008,0.34286,1.94869,1.86166,2.8244,0.000124469,0.000124469,0.000124469
285,16600.8,0.72113,0.71403,1.24253,0.63928,0.54719,0.55914,0.3297,0.09171,0.34149,1.94597,1.86521,2.8331,0.000121375,0.000121375,0.000121375
286,16661.4,0.71761,0.69651,1.24688,0.62035,0.55357,0.55651,0.33013,0.08839,0.33916,1.9573,1.88159,2.84667,0.000118281,0.000118281,0.000118281
287,16725.6,0.71741,0.71055,1.24193,0.60345,0.55246,0.55554,0.32594,0.08821,0.34001,1.94818,1.88531,2.82445,0.000115187,0.000115187,0.000115187
288,16785.3,0.71288,0.71586,1.24167,0.61335,0.53567,0.55308,0.32863,0.0869,0.34035,1.94649,1.88691,2.83011,0.000112094,0.000112094,0.000112094
289,16847.9,0.70711,0.70259,1.23729,0.64835,0.51828,0.55532,0.33543,0.08699,0.34303,1.95832,1.90457,2.85152,0.000109,0.000109,0.000109
290,16910.4,0.70444,0.70169,1.23613,0.63066,0.52478,0.55537,0.33746,0.08906,0.34526,1.94651,1.91114,2.83603,0.000105906,0.000105906,0.000105906
291,16974.4,0.72818,0.70228,1.25309,0.69644,0.49585,0.5559,0.34296,0.0922,0.34792,1.93821,1.91049,2.82721,0.000102812,0.000102812,0.000102812
292,17034.1,0.71148,0.69651,1.24043,0.71962,0.49161,0.55426,0.33991,0.09053,0.34751,1.94934,1.8928,2.85314,9.97187e-05,9.97187e-05,9.97187e-05
293,17096.9,0.6954,0.68256,1.22462,0.71083,0.48884,0.55106,0.33021,0.0878,0.34301,1.9485,1.92283,2.84576,9.6625e-05,9.6625e-05,9.6625e-05
294,17160.9,0.69739,0.69324,1.2298,0.71557,0.48479,0.55477,0.32851,0.09129,0.34514,1.94823,1.94753,2.84604,9.35312e-05,9.35312e-05,9.35312e-05
295,17220.3,0.69741,0.68659,1.23265,0.71775,0.47672,0.55482,0.32498,0.08973,0.34582,1.96294,1.94459,2.85487,9.04375e-05,9.04375e-05,9.04375e-05
296,17282.6,0.67967,0.66565,1.22011,0.71968,0.47637,0.55703,0.3229,0.08908,0.34442,1.97229,1.93555,2.8681,8.73438e-05,8.73438e-05,8.73438e-05
297,17345.9,0.70441,0.69792,1.23767,0.7229,0.47137,0.55578,0.32723,0.09095,0.34563,1.9703,1.94274,2.86742,8.425e-05,8.425e-05,8.425e-05
298,17406.3,0.70297,0.69215,1.22365,0.72333,0.47023,0.55695,0.33359,0.09014,0.34776,1.96185,1.94994,2.8563,8.11563e-05,8.11563e-05,8.11563e-05
299,17469.7,0.68726,0.68431,1.22569,0.72109,0.47894,0.55592,0.33227,0.09013,0.3467,1.95275,1.94205,2.84372,7.80625e-05,7.80625e-05,7.80625e-05
300,17534.1,0.69395,0.66325,1.22802,0.70072,0.49585,0.55576,0.33013,0.08913,0.34595,1.95716,1.92263,2.85168,7.49688e-05,7.49688e-05,7.49688e-05
301,17592,0.68973,0.65347,1.22785,0.72082,0.48847,0.55616,0.33058,0.08897,0.3463,1.95218,1.91736,2.85351,7.1875e-05,7.1875e-05,7.1875e-05
302,17655,0.6974,0.67264,1.22944,0.71134,0.49678,0.55979,0.32929,0.08881,0.34802,1.94767,1.914,2.84778,6.87812e-05,6.87812e-05,6.87812e-05
303,17714.3,0.69367,0.67974,1.24223,0.69335,0.49814,0.55575,0.33239,0.08871,0.34774,1.95006,1.91687,2.85433,6.56875e-05,6.56875e-05,6.56875e-05
304,17780.8,0.69352,0.68166,1.22835,0.65853,0.51479,0.55461,0.33236,0.08872,0.34596,1.94899,1.9156,2.85469,6.25937e-05,6.25937e-05,6.25937e-05
305,17841.8,0.6897,0.68194,1.2343,0.7245,0.48605,0.55759,0.33098,0.0902,0.34614,1.94986,1.92391,2.85871,5.95e-05,5.95e-05,5.95e-05
306,17902.1,0.68055,0.66003,1.21526,0.65627,0.51742,0.55568,0.33472,0.07638,0.3452,1.9445,1.93781,2.855,5.64062e-05,5.64062e-05,5.64062e-05
307,17945.5,0.69389,0.67513,1.22769,0.74667,0.48188,0.55447,0.32748,0.0766,0.34454,1.94712,1.93587,2.86234,5.33125e-05,5.33125e-05,5.33125e-05
308,17991.3,0.6852,0.66045,1.22126,0.75857,0.48906,0.55486,0.33316,0.07659,0.34408,1.95122,1.93264,2.86803,5.02188e-05,5.02188e-05,5.02188e-05
309,18058,0.67833,0.67159,1.21847,0.75331,0.48963,0.55485,0.33812,0.07807,0.34342,1.95315,1.94291,2.86355,4.7125e-05,4.7125e-05,4.7125e-05
310,18120.8,0.68703,0.66946,1.22695,0.76379,0.48894,0.55634,0.34213,0.07807,0.34397,1.95076,1.94401,2.85899,4.40313e-05,4.40313e-05,4.40313e-05
311,18194.5,0.64597,0.55301,1.18998,0.66498,0.51232,0.55082,0.33275,0.07812,0.33987,1.95382,1.93207,2.87731,4.09375e-05,4.09375e-05,4.09375e-05
312,18254.2,0.59242,0.48385,1.15084,0.66639,0.51333,0.55273,0.33609,0.08827,0.34295,1.9565,1.93041,2.89376,3.78437e-05,3.78437e-05,3.78437e-05
313,18313.6,0.56392,0.46153,1.12531,0.67454,0.50347,0.55962,0.34278,0.0877,0.34766,1.95169,1.92731,2.89124,3.475e-05,3.475e-05,3.475e-05
314,18376,0.55284,0.44894,1.11108,0.67098,0.4994,0.55968,0.34804,0.08762,0.34865,1.95034,1.94008,2.89187,3.16562e-05,3.16562e-05,3.16562e-05
315,18436.5,0.54682,0.45244,1.10632,0.64909,0.52022,0.56263,0.34632,0.08762,0.35098,1.94258,1.92953,2.8897,2.85625e-05,2.85625e-05,2.85625e-05
316,18493,0.54148,0.42362,1.09868,0.7305,0.48204,0.56579,0.34271,0.08765,0.35215,1.93746,1.93157,2.88639,2.54687e-05,2.54687e-05,2.54687e-05
317,18536.4,0.51906,0.41655,1.08239,0.69364,0.49494,0.56571,0.34281,0.08921,0.35255,1.9325,1.94294,2.87918,2.2375e-05,2.2375e-05,2.2375e-05
318,18574.9,0.5553,0.47874,1.13696,0.66665,0.50961,0.567,0.34355,0.06958,0.35076,1.93386,1.95941,2.87976,1.92813e-05,1.92813e-05,1.92813e-05
319,18614.9,0.50873,0.41536,1.0855,0.67401,0.50953,0.56777,0.34179,0.06758,0.35077,1.93214,1.96099,2.88117,1.61875e-05,1.61875e-05,1.61875e-05
320,18650,0.52144,0.4172,1.08723,0.67375,0.50974,0.56877,0.34201,0.0691,0.3517,1.93069,1.96675,2.87873,1.30938e-05,1.30938e-05,1.30938e-05
